{
  "version": "2022.1",
  "applications": [],
  "platforms": [
    {
      "name": "lab2B"
    }
  ],
  "systems": [
    {
      "name": "Lab2B_app_system",
      "platform": "C:/Users/mdsmith/workspace2/lab2B/export/lab2B/lab2B.xpfm",
      "sysConfig": "lab2B",
      "buildConfig": "Debug",
      "applications": [
        {
          "name": "Lab2B_app",
          "platform": "C:/Users/mdsmith/workspace2/lab2B/export/lab2B/lab2B.xpfm",
          "platformPath": "C:\\Users\\Michael\\workspace3\\lab2B\\export\\lab2B",
          "sysConfig": "lab2B",
          "domain": "standalone_domain",
          "system": "Lab2B_app_system"
        }
      ],
      "platformPath": "C:\\Users\\Michael\\workspace3\\lab2B\\export\\lab2B"
    }
  ],
  "others": []
}